source_id,title,method_scope,what_is_explicitly_supported,locator,relationship_to_current_project,status
S01,Weather-wise: A weather-aware planning tool for improving construction productivity and dealing with claims,stochastic weather-productivity-delay model,building case study uses two Spanish locations and combines weather variability with activity precedence and duration; abstract reports 5-20 percent duration increase when weather is ignored,weather-wise_author.pdf pp.4-16 and pp.31-39,closest weather-aware planning precedent; current work must not claim weather-aware planning itself as novel,fulltext downloaded and locator audit complete
S02,Optimised scheduling for weather sensitive offshore construction projects,proactive weather-sensitive offshore scheduling,related author thesis specifies gate times; resumable suitable-weather work; expected NPV; common-random-number simulation,author thesis S21 PDF pp.242-267; final journal record https://biblio.ugent.be/publication/8511136,shared simulation concepts are prior art; continuous state-asymmetric execution is a different contract and must be compared on a common problem,author thesis method audited; final journal equivalence and numerical replication open
S03,Stochastic resource-constrained project scheduling problem with time varying weather conditions and an improved estimation of distribution algorithm,stochastic RCPSP with time-varying weather,weather-dependent durations and an improved EDA are established in the publisher record,https://www.sciencedirect.com/science/article/pii/S0360835221002266,closest stochastic scheduling baseline; current contribution must be framed around online information and state-dependent execution evidence,metadata and abstract verified; fulltext methods audit open
S05,A weather-resilient approach to construction: Lessons from Align Joint Venture on HS2,operational weather decision support,"site-specific forecast trial; 11.1 m/s start prohibition and 20 m/s continuation allowance for lifting; six Davis stations; 12-month trial; decision-support evidence",HS2 page paragraphs 55-75 and 119-124,"engineering contract anchors the current operation contract and shows the decision problem is practically relevant; threshold is case-specific, not a generic safety rule",web text examined; raw operational logs unavailable
S07,KNMI hourly observations,hourly station truth series,"2021-2025 hourly FH/FX records for stations 240, 260 and 344 were downloaded with strict interval filtering; FX is a preceding-hour maximum",data/raw/knmi/ and outputs/knmi_study_coverage.json,"independent truth-side input for semantic alignment and calibration; not a construction operation log",archive chunks and metadata audited; operational latency not established
S09,GFS historical cloud archive,bounded gridded forecast ingestion,"124 January 2025 six-hour GFS GUST runs were downloaded as bounded GRIB2 ranges and aligned to KNMI 260 FX at valid-time interval ends; publication latency and forecast skill remain unverified",data/raw/gfs_pilot/ and outputs/gfs_knmi_pilot.csv,"forecast-side pilot for temporal alignment and calibration plumbing; native GUST and KNMI FX have different temporal support",offline alignment and calibration pilot complete; no operational backtest or performance claim
S12,PSPLIB,standard resource-constrained task networks,"j30 single-mode archive parsed and 12 instances selected by deterministic family stratification",data/raw/networks/j30.sm.zip and outputs/j30_pilot12.json,"reproducible network stress test; weather mapping and operation contracts remain additional assumptions","archive hash, parser and selection rule validated"
S13,Empirical project database / DSLIB,empirical project network transfer,"DSLIB v3.4 release hash verified; analysis-sheet inventory identified 163 construction candidates",data/raw/networks/DSLIB3.4.zip and outputs/dslib_construction_inventory.csv,candidate real-project network source; no project-level result is used yet,metadata inventory complete; project parsing and redistribution rights open
S20,Automation in Construction Guide for Authors,target-journal submission rules,"official URL identified; live page did not return a complete author-guide response in the current access route",https://www.sciencedirect.com/journal/automation-in-construction/publish/guide-for-authors,"submission audit gate; exact word, figure and data-policy limits remain unverified",URL recorded; journal-format audit OPEN
