source_archive,archive_sha256,analysis_sheet_member,code,project_name,sector,keywords,baseline_schedule,risk_analysis,project_control,project_flag,tracking,n_activities,planned_duration_days,bac,resources_flag,renewable_resources,consumable_resources,resource_conflict,early_late,under_over_budget,has_protrack,has_excel,has_project_card,inclusion_rule,rights_status
data/raw/networks/DSLIB3.4.zip,19f87632c589f5d49f72b5f071992efc6379df2beb35f1efd3a60ac1381dc277,DSLIB 3.4/DSLIB_Analysis_Sheet.xlsx,C2011-01,Nursing Home Noordhinder,Construction (commercial building),Nursing Home; Residential Center,,,,G,N/A,153,766,4679795,Y,12,-,Resource Feasible,-,-,True,True,True,sector starts with Construction (case-insensitive),third-party release; redistribution and project-level use rights require audit
data/raw/networks/DSLIB3.4.zip,19f87632c589f5d49f72b5f071992efc6379df2beb35f1efd3a60ac1381dc277,DSLIB 3.4/DSLIB_Analysis_Sheet.xlsx,C2011-02,Social Housing Kortrijk,Construction (residential building),Residential Center,,,,Y,N/A,113,276,366457,Y,2,-,Resource Feasible,-,-,True,True,True,sector starts with Construction (case-insensitive),third-party release; redistribution and project-level use rights require audit
data/raw/networks/DSLIB3.4.zip,19f87632c589f5d49f72b5f071992efc6379df2beb35f1efd3a60ac1381dc277,DSLIB 3.4/DSLIB_Analysis_Sheet.xlsx,C2011-04,Railway Station Sint-Joost,Construction (civil),Renovation; Outdoors Structure,,,,Y,N/A,18,135,59831,Y,2,-,Resource Feasible,-,-,True,True,True,sector starts with Construction (case-insensitive),third-party release; redistribution and project-level use rights require audit
data/raw/networks/DSLIB3.4.zip,19f87632c589f5d49f72b5f071992efc6379df2beb35f1efd3a60ac1381dc277,DSLIB 3.4/DSLIB_Analysis_Sheet.xlsx,C2011-08,Sports Center Tielt,Construction (civil),Sports Center; Public Construction,,,,Y,N/A,26,75,254564,Y,1,-,Resource Feasible,-,-,True,True,True,sector starts with Construction (case-insensitive),third-party release; redistribution and project-level use rights require audit
data/raw/networks/DSLIB3.4.zip,19f87632c589f5d49f72b5f071992efc6379df2beb35f1efd3a60ac1381dc277,DSLIB 3.4/DSLIB_Analysis_Sheet.xlsx,C2011-10,Building a House,Construction (residential building),Residential Construction,,,,G,N/A,32,195,484398,Y,1,-,Resource Feasible,0.041,0.0218,True,True,True,sector starts with Construction (case-insensitive),third-party release; redistribution and project-level use rights require audit
data/raw/networks/DSLIB3.4.zip,19f87632c589f5d49f72b5f071992efc6379df2beb35f1efd3a60ac1381dc277,DSLIB 3.4/DSLIB_Analysis_Sheet.xlsx,C2011-12,Claeys-Verhelst Premises,Construction (commercial building),Showroom; Warehouse; Offices,,,,G,Y,49,442,3027133,Y,12,-,Resource Feasible,0.0271493212669683,0.0249,True,True,True,sector starts with Construction (case-insensitive),third-party release; redistribution and project-level use rights require audit
data/raw/networks/DSLIB3.4.zip,19f87632c589f5d49f72b5f071992efc6379df2beb35f1efd3a60ac1381dc277,DSLIB 3.4/DSLIB_Analysis_Sheet.xlsx,C2011-13,Wind Farm,Construction (industrial),Wind Power,,,,G,G,134,525,21369836,N,-,-,N/A,0.142857142857143,0.220307212465271,True,True,True,sector starts with Construction (case-insensitive),third-party release; redistribution and project-level use rights require audit
data/raw/networks/DSLIB3.4.zip,19f87632c589f5d49f72b5f071992efc6379df2beb35f1efd3a60ac1381dc277,DSLIB 3.4/DSLIB_Analysis_Sheet.xlsx,C2011-14,Hotel Reylof,Construction (commercial building),Hotel,,,,G,N/A,373,252,-,N,-,-,N/A,-,-,True,True,True,sector starts with Construction (case-insensitive),third-party release; redistribution and project-level use rights require audit
data/raw/networks/DSLIB3.4.zip,19f87632c589f5d49f72b5f071992efc6379df2beb35f1efd3a60ac1381dc277,DSLIB 3.4/DSLIB_Analysis_Sheet.xlsx,C2012-02,Nut Mixing Station,Construction (industrial),New Machine Installation,,,,G,N/A,47,23,1056501,Y,24,-,Resource Feasible,-,-,True,True,True,sector starts with Construction (case-insensitive),third-party release; redistribution and project-level use rights require audit
data/raw/networks/DSLIB3.4.zip,19f87632c589f5d49f72b5f071992efc6379df2beb35f1efd3a60ac1381dc277,DSLIB 3.4/DSLIB_Analysis_Sheet.xlsx,C2012-03,Day Care,Construction (institutional building),Day Care; Renovation,,,,G,N/A,24,128,-,N,-,-,N/A,-,-,True,True,True,sector starts with Construction (case-insensitive),third-party release; redistribution and project-level use rights require audit
data/raw/networks/DSLIB3.4.zip,19f87632c589f5d49f72b5f071992efc6379df2beb35f1efd3a60ac1381dc277,DSLIB 3.4/DSLIB_Analysis_Sheet.xlsx,C2012-04,Asti-Cuneo Highway,Construction (civil),Highway,,,,G,N/A,67,284,6230961,Y,16,2,Resource Feasible,-,-,True,True,True,sector starts with Construction (case-insensitive),third-party release; redistribution and project-level use rights require audit
data/raw/networks/DSLIB3.4.zip,19f87632c589f5d49f72b5f071992efc6379df2beb35f1efd3a60ac1381dc277,DSLIB 3.4/DSLIB_Analysis_Sheet.xlsx,C2012-05,Tappan Zee Bridge,Construction (civil),Bridge Construction,,,,Y,N/A,19,1289,4999958016,Y,20,-,Resource Feasible,-,-,True,True,True,sector starts with Construction (case-insensitive),third-party release; redistribution and project-level use rights require audit
data/raw/networks/DSLIB3.4.zip,19f87632c589f5d49f72b5f071992efc6379df2beb35f1efd3a60ac1381dc277,DSLIB 3.4/DSLIB_Analysis_Sheet.xlsx,C2012-06,Youth Hostel Merkenveld,Construction (commercial building),Renovation,,,,G,N/A,46,197,-,Y,5,-,Resource Feasible,-,-,True,True,True,sector starts with Construction (case-insensitive),third-party release; redistribution and project-level use rights require audit
data/raw/networks/DSLIB3.4.zip,19f87632c589f5d49f72b5f071992efc6379df2beb35f1efd3a60ac1381dc277,DSLIB 3.4/DSLIB_Analysis_Sheet.xlsx,C2012-07,Solar Park,Construction (industrial),Solar Power,,,,G,N/A,175,711,-,N,-,-,N/A,-,-,True,True,True,sector starts with Construction (case-insensitive),third-party release; redistribution and project-level use rights require audit
data/raw/networks/DSLIB3.4.zip,19f87632c589f5d49f72b5f071992efc6379df2beb35f1efd3a60ac1381dc277,DSLIB 3.4/DSLIB_Analysis_Sheet.xlsx,C2012-08,Sea Electricity,Construction (industrial),Offshore Wind Park,,,,O,N/A,437,468,139062144,Y,27,-,Resource Feasible,-,-,True,True,True,sector starts with Construction (case-insensitive),third-party release; redistribution and project-level use rights require audit
data/raw/networks/DSLIB3.4.zip,19f87632c589f5d49f72b5f071992efc6379df2beb35f1efd3a60ac1381dc277,DSLIB 3.4/DSLIB_Analysis_Sheet.xlsx,C2012-10,Gabala Resort Outdoor Pool,Construction (commercial building),Pool,,,,O,N/A,18,54,47413,Y,9,-,Resource Feasible,-,-,True,True,True,sector starts with Construction (case-insensitive),third-party release; redistribution and project-level use rights require audit
data/raw/networks/DSLIB3.4.zip,19f87632c589f5d49f72b5f071992efc6379df2beb35f1efd3a60ac1381dc277,DSLIB 3.4/DSLIB_Analysis_Sheet.xlsx,C2012-11,MIVB SeSaMe,Construction (civil),Subway; Access Doors; Public Transport,,,,G,N/A,22,13,1535854,Y,2,-,Resource Feasible,-,-,True,True,True,sector starts with Construction (case-insensitive),third-party release; redistribution and project-level use rights require audit
data/raw/networks/DSLIB3.4.zip,19f87632c589f5d49f72b5f071992efc6379df2beb35f1efd3a60ac1381dc277,DSLIB 3.4/DSLIB_Analysis_Sheet.xlsx,C2012-12,Railway Station Ghent,Construction (civil),Railway Station; Renovation,,,,G,N/A,19,440,-,N,-,-,N/A,-,-,True,True,True,sector starts with Construction (case-insensitive),third-party release; redistribution and project-level use rights require audit
data/raw/networks/DSLIB3.4.zip,19f87632c589f5d49f72b5f071992efc6379df2beb35f1efd3a60ac1381dc277,DSLIB 3.4/DSLIB_Analysis_Sheet.xlsx,C2012-13,Pumping Station Jabbeke,Construction (civil),Pumping Station; Construction,,,,G,G,75,125,336410,Y,2,-,Resource Feasible,0.12,0.041916114265331,True,True,True,sector starts with Construction (case-insensitive),third-party release; redistribution and project-level use rights require audit
data/raw/networks/DSLIB3.4.zip,19f87632c589f5d49f72b5f071992efc6379df2beb35f1efd3a60ac1381dc277,DSLIB 3.4/DSLIB_Analysis_Sheet.xlsx,C2012-14,Sluiskil Tunnel,Construction (civil),Tunnel,,,,O,N/A,48,1299,528569216,Y,8,-,Resource Feasible,-,-,True,True,True,sector starts with Construction (case-insensitive),third-party release; redistribution and project-level use rights require audit
data/raw/networks/DSLIB3.4.zip,19f87632c589f5d49f72b5f071992efc6379df2beb35f1efd3a60ac1381dc277,DSLIB 3.4/DSLIB_Analysis_Sheet.xlsx,C2012-16,Metal Extraction,Construction (industrial),Metals; Electromagnetic Installation,,,,G,N/A,86,86,-,Y,10,-,Resource Feasible,-,-,True,True,True,sector starts with Construction (case-insensitive),third-party release; redistribution and project-level use rights require audit
data/raw/networks/DSLIB3.4.zip,19f87632c589f5d49f72b5f071992efc6379df2beb35f1efd3a60ac1381dc277,DSLIB 3.4/DSLIB_Analysis_Sheet.xlsx,C2012-17,Building a Dream,Construction (residential building),Residential Construction,,,,O,N/A,33,145,241015,Y,10,-,Resource Feasible,0.4069,0.3064,True,True,True,sector starts with Construction (case-insensitive),third-party release; redistribution and project-level use rights require audit
data/raw/networks/DSLIB3.4.zip,19f87632c589f5d49f72b5f071992efc6379df2beb35f1efd3a60ac1381dc277,DSLIB 3.4/DSLIB_Analysis_Sheet.xlsx,C2013-01,Wiedauwkaai Fenders,Construction (civil),Railway Bridge; Waterway,,,,G,G,42,152,1069533,N,-,-,N/A,0,0.22912056009492,True,True,True,sector starts with Construction (case-insensitive),third-party release; redistribution and project-level use rights require audit
data/raw/networks/DSLIB3.4.zip,19f87632c589f5d49f72b5f071992efc6379df2beb35f1efd3a60ac1381dc277,DSLIB 3.4/DSLIB_Analysis_Sheet.xlsx,C2013-02,Sewage Plant Hove,Construction (civil),Sewage,,,,G,G,181,403,1236604,N,-,-,N/A,0,-0.0729093549754004,True,True,True,sector starts with Construction (case-insensitive),third-party release; redistribution and project-level use rights require audit
data/raw/networks/DSLIB3.4.zip,19f87632c589f5d49f72b5f071992efc6379df2beb35f1efd3a60ac1381dc277,DSLIB 3.4/DSLIB_Analysis_Sheet.xlsx,C2013-03,Brussels Finance Tower,Construction (institutional building),"Renovation, Government Building",,,,G,G,55,425,15440865,N,-,-,N/A,0.00235294117647059,0.0581030920223705,True,True,True,sector starts with Construction (case-insensitive),third-party release; redistribution and project-level use rights require audit
data/raw/networks/DSLIB3.4.zip,19f87632c589f5d49f72b5f071992efc6379df2beb35f1efd3a60ac1381dc277,DSLIB 3.4/DSLIB_Analysis_Sheet.xlsx,C2013-04,Kitchen Tower Anderlecht,Construction (institutional building),Cooking School,,,,G,G,252,333,2113684,N,-,-,N/A,0.36036036036036,0.188694241901817,True,True,True,sector starts with Construction (case-insensitive),third-party release; redistribution and project-level use rights require audit
data/raw/networks/DSLIB3.4.zip,19f87632c589f5d49f72b5f071992efc6379df2beb35f1efd3a60ac1381dc277,DSLIB 3.4/DSLIB_Analysis_Sheet.xlsx,C2013-06,Government Office Building,Construction (institutional building),Office Building; Government Building,,,,G,G,276,352,19429808,N,-,-,N/A,0,0.108958256303922,True,True,True,sector starts with Construction (case-insensitive),third-party release; redistribution and project-level use rights require audit
data/raw/networks/DSLIB3.4.zip,19f87632c589f5d49f72b5f071992efc6379df2beb35f1efd3a60ac1381dc277,DSLIB 3.4/DSLIB_Analysis_Sheet.xlsx,C2013-07,Family Residence,Construction (residential building),Residential Construction,,,,G,G,46,170,180476,N,-,-,N/A,0.176470588235294,-0.0301702165384871,True,True,True,sector starts with Construction (case-insensitive),third-party release; redistribution and project-level use rights require audit
data/raw/networks/DSLIB3.4.zip,19f87632c589f5d49f72b5f071992efc6379df2beb35f1efd3a60ac1381dc277,DSLIB 3.4/DSLIB_Analysis_Sheet.xlsx,C2013-08,Timber House,Construction (residential building),Residential Construction,,,,G,G,42,216,501030,N,-,-,N/A,0.087962962962963,0.150877192982456,True,True,True,sector starts with Construction (case-insensitive),third-party release; redistribution and project-level use rights require audit
data/raw/networks/DSLIB3.4.zip,19f87632c589f5d49f72b5f071992efc6379df2beb35f1efd3a60ac1381dc277,DSLIB 3.4/DSLIB_Analysis_Sheet.xlsx,C2013-09,Urban Development Project,Construction (commercial building),Integrated Building Complex,,,,G,G,71,291,1537398,N,-,-,N/A,0.237113402061856,0.103794853382143,True,True,True,sector starts with Construction (case-insensitive),third-party release; redistribution and project-level use rights require audit
data/raw/networks/DSLIB3.4.zip,19f87632c589f5d49f72b5f071992efc6379df2beb35f1efd3a60ac1381dc277,DSLIB 3.4/DSLIB_Analysis_Sheet.xlsx,C2013-10,Town Square,Construction (civil),Subterranean Parking; Public Square,,,,G,G,197,786,11421890,N,-,-,N/A,0.0101781170483461,0.332434999811765,True,True,True,sector starts with Construction (case-insensitive),third-party release; redistribution and project-level use rights require audit
data/raw/networks/DSLIB3.4.zip,19f87632c589f5d49f72b5f071992efc6379df2beb35f1efd3a60ac1381dc277,DSLIB 3.4/DSLIB_Analysis_Sheet.xlsx,C2013-11,Recreation Complex,Construction (civil),Sports Center; Public Construction,,,,G,G,167,359,5480520,N,-,-,N/A,-0.0779944289693593,-0.00538124119609088,True,True,True,sector starts with Construction (case-insensitive),third-party release; redistribution and project-level use rights require audit
data/raw/networks/DSLIB3.4.zip,19f87632c589f5d49f72b5f071992efc6379df2beb35f1efd3a60ac1381dc277,DSLIB 3.4/DSLIB_Analysis_Sheet.xlsx,C2013-12,Young Cattle Barn,Construction (institutional building),Experimental Farm; University,,,,G,G,27,115,818440,N,-,-,N/A,0.721739130434783,0.0750366550999462,True,True,True,sector starts with Construction (case-insensitive),third-party release; redistribution and project-level use rights require audit
data/raw/networks/DSLIB3.4.zip,19f87632c589f5d49f72b5f071992efc6379df2beb35f1efd3a60ac1381dc277,DSLIB 3.4/DSLIB_Analysis_Sheet.xlsx,C2013-13,Office Finishing Works (1),Construction (commercial building),Finishing Works,,,,G,G,11,236,1118497,N,-,-,N/A,-0.0805084745762712,-0.145345047863338,True,True,True,sector starts with Construction (case-insensitive),third-party release; redistribution and project-level use rights require audit
data/raw/networks/DSLIB3.4.zip,19f87632c589f5d49f72b5f071992efc6379df2beb35f1efd3a60ac1381dc277,DSLIB 3.4/DSLIB_Analysis_Sheet.xlsx,C2013-14,Office Finishing Works (2),Construction (commercial building),Finishing Works,,,,G,G,9,80,85848,N,-,-,N/A,0.2375,-0.12091137824993,True,True,True,sector starts with Construction (case-insensitive),third-party release; redistribution and project-level use rights require audit
data/raw/networks/DSLIB3.4.zip,19f87632c589f5d49f72b5f071992efc6379df2beb35f1efd3a60ac1381dc277,DSLIB 3.4/DSLIB_Analysis_Sheet.xlsx,C2013-15,Office Finishing Works (3),Construction (commercial building),Finishing Works,,,,G,G,17,171,341468,N,-,-,N/A,-0.298245614035088,-0.0970046973654925,True,True,True,sector starts with Construction (case-insensitive),third-party release; redistribution and project-level use rights require audit
data/raw/networks/DSLIB3.4.zip,19f87632c589f5d49f72b5f071992efc6379df2beb35f1efd3a60ac1381dc277,DSLIB 3.4/DSLIB_Analysis_Sheet.xlsx,C2013-16,Office Finishing Works (4),Construction (commercial building),Finishing Works,,,,G,G,8,196,248204,N,-,-,N/A,-0.44,-0.199984690013054,True,True,True,sector starts with Construction (case-insensitive),third-party release; redistribution and project-level use rights require audit
data/raw/networks/DSLIB3.4.zip,19f87632c589f5d49f72b5f071992efc6379df2beb35f1efd3a60ac1381dc277,DSLIB 3.4/DSLIB_Analysis_Sheet.xlsx,C2013-17,Office Finishing Works (5),Construction (commercial building),Finishing Works,,,,G,G,23,161,244205,N,-,-,N/A,-0.180124223602484,-0.16624966728773,True,True,True,sector starts with Construction (case-insensitive),third-party release; redistribution and project-level use rights require audit
data/raw/networks/DSLIB3.4.zip,19f87632c589f5d49f72b5f071992efc6379df2beb35f1efd3a60ac1381dc277,DSLIB 3.4/DSLIB_Analysis_Sheet.xlsx,C2014-01,Mixed-use Building,Construction (residential building),Residential Construction; Government,,,,G,G,52,474,38697824,N,-,-,N/A,0,0.0279038687033152,True,True,True,sector starts with Construction (case-insensitive),third-party release; redistribution and project-level use rights require audit
data/raw/networks/DSLIB3.4.zip,19f87632c589f5d49f72b5f071992efc6379df2beb35f1efd3a60ac1381dc277,DSLIB 3.4/DSLIB_Analysis_Sheet.xlsx,C2014-04,Compressor Station Zelzate,Construction (industrial),Compressor Station; Gas Storage,,,,Y,G,24,522,62385600,N,-,-,N/A,0.624521072796935,0.050353446949296,True,True,True,sector starts with Construction (case-insensitive),third-party release; redistribution and project-level use rights require audit
data/raw/networks/DSLIB3.4.zip,19f87632c589f5d49f72b5f071992efc6379df2beb35f1efd3a60ac1381dc277,DSLIB 3.4/DSLIB_Analysis_Sheet.xlsx,C2014-05,Apartment Building (1),Construction (residential building),Demolition; Apartment Building,,,,G,G,26,228,532410,N,-,-,N/A,0.201754385964912,0.110818729926185,True,True,True,sector starts with Construction (case-insensitive),third-party release; redistribution and project-level use rights require audit
data/raw/networks/DSLIB3.4.zip,19f87632c589f5d49f72b5f071992efc6379df2beb35f1efd3a60ac1381dc277,DSLIB 3.4/DSLIB_Analysis_Sheet.xlsx,C2014-06,Apartment Building (2),Construction (residential building),Demolition; Apartment Building,,,,G,G,29,547,3486376,N,-,-,N/A,0.0644,0.0323367301748291,True,True,True,sector starts with Construction (case-insensitive),third-party release; redistribution and project-level use rights require audit
data/raw/networks/DSLIB3.4.zip,19f87632c589f5d49f72b5f071992efc6379df2beb35f1efd3a60ac1381dc277,DSLIB 3.4/DSLIB_Analysis_Sheet.xlsx,C2014-07,Apartment Building (3),Construction (residential building),Demolition; Apartment Building,,,,G,G,25,352,1102537,N,-,-,N/A,0.144475920679887,0.169753940230577,True,True,True,sector starts with Construction (case-insensitive),third-party release; redistribution and project-level use rights require audit
data/raw/networks/DSLIB3.4.zip,19f87632c589f5d49f72b5f071992efc6379df2beb35f1efd3a60ac1381dc277,DSLIB 3.4/DSLIB_Analysis_Sheet.xlsx,C2014-08,Apartment Building (4),Construction (residential building),Renovation; Apartment Building,,,,G,G,42,233,1992222,N,-,-,N/A,0.180257510729614,0.194796689324784,True,True,True,sector starts with Construction (case-insensitive),third-party release; redistribution and project-level use rights require audit
data/raw/networks/DSLIB3.4.zip,19f87632c589f5d49f72b5f071992efc6379df2beb35f1efd3a60ac1381dc277,DSLIB 3.4/DSLIB_Analysis_Sheet.xlsx,C2015-01,Young Cattle Barn (2),Construction (institutional building),Experimental Farm; University,,,,G,G,27,131,612769,N,-,-,N/A,0.603053435114504,0.0550044143878036,True,True,True,sector starts with Construction (case-insensitive),third-party release; redistribution and project-level use rights require audit
data/raw/networks/DSLIB3.4.zip,19f87632c589f5d49f72b5f071992efc6379df2beb35f1efd3a60ac1381dc277,DSLIB 3.4/DSLIB_Analysis_Sheet.xlsx,C2015-02,Railway Station (1),Construction (civil),Railway Station; Renovation,,,,G,G,216,417,1121317,N,-,-,N/A,0.201438848920863,-0.136739209340445,True,True,True,sector starts with Construction (case-insensitive),third-party release; redistribution and project-level use rights require audit
data/raw/networks/DSLIB3.4.zip,19f87632c589f5d49f72b5f071992efc6379df2beb35f1efd3a60ac1381dc277,DSLIB 3.4/DSLIB_Analysis_Sheet.xlsx,C2015-03,Industrial Complex (1),Construction (industrial),Automotive; Showroom; Offices,,,,G,G,135,257,2244091,N,-,-,N/A,0.0972762645914397,-0.167236979249059,True,True,True,sector starts with Construction (case-insensitive),third-party release; redistribution and project-level use rights require audit
data/raw/networks/DSLIB3.4.zip,19f87632c589f5d49f72b5f071992efc6379df2beb35f1efd3a60ac1381dc277,DSLIB 3.4/DSLIB_Analysis_Sheet.xlsx,C2015-04,Apartment Building (5),Construction (residential building),Apartment Building,,,,G,G,56,160,2750938,N,-,-,N/A,0.34375,-0.0582132349038764,True,True,True,sector starts with Construction (case-insensitive),third-party release; redistribution and project-level use rights require audit
data/raw/networks/DSLIB3.4.zip,19f87632c589f5d49f72b5f071992efc6379df2beb35f1efd3a60ac1381dc277,DSLIB 3.4/DSLIB_Analysis_Sheet.xlsx,C2015-05,Apartment Building (6),Construction (residential building),Apartment Building,,,,G,G,64,120,2524765,N,-,-,N/A,0.0916666666666667,0.0154117313888619,True,True,True,sector starts with Construction (case-insensitive),third-party release; redistribution and project-level use rights require audit
data/raw/networks/DSLIB3.4.zip,19f87632c589f5d49f72b5f071992efc6379df2beb35f1efd3a60ac1381dc277,DSLIB 3.4/DSLIB_Analysis_Sheet.xlsx,C2015-06,Family Residence (2),Construction (residential building),Residential Construction,,,,G,G,184,260,143673,N,-,-,N/A,0.134615384615385,0.295351249016865,True,True,True,sector starts with Construction (case-insensitive),third-party release; redistribution and project-level use rights require audit
data/raw/networks/DSLIB3.4.zip,19f87632c589f5d49f72b5f071992efc6379df2beb35f1efd3a60ac1381dc277,DSLIB 3.4/DSLIB_Analysis_Sheet.xlsx,C2015-07,Industrial Complex (2),Construction (industrial),Production Hall; Offices,,,,G,G,138,297,5999600,N,-,-,N/A,0.212121212121212,-0.0975158343889593,True,True,True,sector starts with Construction (case-insensitive),third-party release; redistribution and project-level use rights require audit
data/raw/networks/DSLIB3.4.zip,19f87632c589f5d49f72b5f071992efc6379df2beb35f1efd3a60ac1381dc277,DSLIB 3.4/DSLIB_Analysis_Sheet.xlsx,C2015-08,Garden Center,Construction (commercial building),Garden Center; Pet Shop,,,,G,G,186,191,467297,N,-,-,N/A,0.0471204188481675,-0.0115494000603471,True,True,True,sector starts with Construction (case-insensitive),third-party release; redistribution and project-level use rights require audit
data/raw/networks/DSLIB3.4.zip,19f87632c589f5d49f72b5f071992efc6379df2beb35f1efd3a60ac1381dc277,DSLIB 3.4/DSLIB_Analysis_Sheet.xlsx,C2015-09,Railway Station (2),Construction (civil),Railway Station; Renovation,,,,G,G,348,354,1457424,N,-,-,N/A,0.610169491525424,0.472242806485964,True,True,True,sector starts with Construction (case-insensitive),third-party release; redistribution and project-level use rights require audit
data/raw/networks/DSLIB3.4.zip,19f87632c589f5d49f72b5f071992efc6379df2beb35f1efd3a60ac1381dc277,DSLIB 3.4/DSLIB_Analysis_Sheet.xlsx,C2015-27,Railway Station Antwerp,Construction (civil),Maintenance; Renovation,,,,G,G,18,68,22704,Y,11,-,Resource Conflict,0.205882352941176,0.114913671599718,True,True,True,sector starts with Construction (case-insensitive),third-party release; redistribution and project-level use rights require audit
data/raw/networks/DSLIB3.4.zip,19f87632c589f5d49f72b5f071992efc6379df2beb35f1efd3a60ac1381dc277,DSLIB 3.4/DSLIB_Analysis_Sheet.xlsx,C2015-29,Fire Station,Construction (institutional building),Offices; Maintenance Space; Depot,,,,G,G,204,284,1874497,N,-,-,N/A,0.0528169014084507,0.00671646847127523,True,True,True,sector starts with Construction (case-insensitive),third-party release; redistribution and project-level use rights require audit
data/raw/networks/DSLIB3.4.zip,19f87632c589f5d49f72b5f071992efc6379df2beb35f1efd3a60ac1381dc277,DSLIB 3.4/DSLIB_Analysis_Sheet.xlsx,C2015-30,Social Apartments Ypres (1),Construction (residential building),Social Housing,,,,G,G,40,244,440941,N,-,-,N/A,0.040983606557377,0,True,True,True,sector starts with Construction (case-insensitive),third-party release; redistribution and project-level use rights require audit
data/raw/networks/DSLIB3.4.zip,19f87632c589f5d49f72b5f071992efc6379df2beb35f1efd3a60ac1381dc277,DSLIB 3.4/DSLIB_Analysis_Sheet.xlsx,C2015-31,Social Apartments Ypres (2),Construction (residential building),Social Housing,,,,G,G,29,271,1310723,N,-,-,N/A,0.361623616236162,-0.0217719533417816,True,True,True,sector starts with Construction (case-insensitive),third-party release; redistribution and project-level use rights require audit
data/raw/networks/DSLIB3.4.zip,19f87632c589f5d49f72b5f071992efc6379df2beb35f1efd3a60ac1381dc277,DSLIB 3.4/DSLIB_Analysis_Sheet.xlsx,C2015-32,Social Apartments Ypres (3),Construction (residential building),Social Housing,,,,G,G,53,358,2509031,N,-,-,N/A,-0.256983240223464,0,True,True,True,sector starts with Construction (case-insensitive),third-party release; redistribution and project-level use rights require audit
data/raw/networks/DSLIB3.4.zip,19f87632c589f5d49f72b5f071992efc6379df2beb35f1efd3a60ac1381dc277,DSLIB 3.4/DSLIB_Analysis_Sheet.xlsx,C2015-33,IJzertoren Memorial Square,Construction (civil),Renovation; WWI,,,,G,G,12,50,214418,N,-,-,N/A,1,0.0483728045220084,True,True,True,sector starts with Construction (case-insensitive),third-party release; redistribution and project-level use rights require audit
data/raw/networks/DSLIB3.4.zip,19f87632c589f5d49f72b5f071992efc6379df2beb35f1efd3a60ac1381dc277,DSLIB 3.4/DSLIB_Analysis_Sheet.xlsx,C2015-34,Roadworks Poperinge,Construction (civil),Road; Sewerage; Renovation,,,,G,G,13,120,511326,N,-,-,N/A,0.983333333333333,-0.138721676582063,True,True,True,sector starts with Construction (case-insensitive),third-party release; redistribution and project-level use rights require audit
data/raw/networks/DSLIB3.4.zip,19f87632c589f5d49f72b5f071992efc6379df2beb35f1efd3a60ac1381dc277,DSLIB 3.4/DSLIB_Analysis_Sheet.xlsx,C2015-35,Retirement Apartments,Construction (residential building),Demolition; Service Flats; Building,,,,G,G,13,850,14956314,N,-,-,N/A,0.11,0.0743875797205114,True,True,True,sector starts with Construction (case-insensitive),third-party release; redistribution and project-level use rights require audit
data/raw/networks/DSLIB3.4.zip,19f87632c589f5d49f72b5f071992efc6379df2beb35f1efd3a60ac1381dc277,DSLIB 3.4/DSLIB_Analysis_Sheet.xlsx,C2016-01,Railway Bridge (1),Construction (civil),Railway Bridge; Renovation,,,,G,G,31,225,671384,N,-,-,N/A,0.2178,0.0481393658472648,True,True,True,sector starts with Construction (case-insensitive),third-party release; redistribution and project-level use rights require audit
data/raw/networks/DSLIB3.4.zip,19f87632c589f5d49f72b5f071992efc6379df2beb35f1efd3a60ac1381dc277,DSLIB 3.4/DSLIB_Analysis_Sheet.xlsx,C2016-02,Railway Bridge (2),Construction (civil),Railway Bridge; Renovation,,,,G,G,27,229,962182,N,-,-,N/A,0.04,0.0105593328497103,True,True,True,sector starts with Construction (case-insensitive),third-party release; redistribution and project-level use rights require audit
data/raw/networks/DSLIB3.4.zip,19f87632c589f5d49f72b5f071992efc6379df2beb35f1efd3a60ac1381dc277,DSLIB 3.4/DSLIB_Analysis_Sheet.xlsx,C2016-03,Railway Bridge (3),Construction (civil),Railway Bridge; Renovation,,,,G,G,27,203,926888,N,-,-,N/A,0.08,-0.0174346846652454,True,True,True,sector starts with Construction (case-insensitive),third-party release; redistribution and project-level use rights require audit
data/raw/networks/DSLIB3.4.zip,19f87632c589f5d49f72b5f071992efc6379df2beb35f1efd3a60ac1381dc277,DSLIB 3.4/DSLIB_Analysis_Sheet.xlsx,C2016-04,Railway Bridge (4),Construction (civil),Railway Bridge; Renovation,,,,G,G,29,248,906254,N,-,-,N/A,-0.02,0,True,True,True,sector starts with Construction (case-insensitive),third-party release; redistribution and project-level use rights require audit
data/raw/networks/DSLIB3.4.zip,19f87632c589f5d49f72b5f071992efc6379df2beb35f1efd3a60ac1381dc277,DSLIB 3.4/DSLIB_Analysis_Sheet.xlsx,C2016-05,Railway Bridge (5),Construction (civil),Railway Bridge; Renovation,,,,G,G,34,195,832497,N,-,-,N/A,0,0,True,True,True,sector starts with Construction (case-insensitive),third-party release; redistribution and project-level use rights require audit
data/raw/networks/DSLIB3.4.zip,19f87632c589f5d49f72b5f071992efc6379df2beb35f1efd3a60ac1381dc277,DSLIB 3.4/DSLIB_Analysis_Sheet.xlsx,C2016-06,Defense Building,Construction (institutional building),Government; Defense; Renovation; IT,,,,G,G,98,252,4331260,N,-,-,N/A,-0.07,0,True,True,True,sector starts with Construction (case-insensitive),third-party release; redistribution and project-level use rights require audit
data/raw/networks/DSLIB3.4.zip,19f87632c589f5d49f72b5f071992efc6379df2beb35f1efd3a60ac1381dc277,DSLIB 3.4/DSLIB_Analysis_Sheet.xlsx,C2016-07,Shopping Village Walkways,Construction (commercial building),Shopping Village; Walkways; Renovation,,,,G,G,123,224,930179,N,-,-,N/A,0.482142857142857,0.00277150956966347,True,True,True,sector starts with Construction (case-insensitive),third-party release; redistribution and project-level use rights require audit
data/raw/networks/DSLIB3.4.zip,19f87632c589f5d49f72b5f071992efc6379df2beb35f1efd3a60ac1381dc277,DSLIB 3.4/DSLIB_Analysis_Sheet.xlsx,C2016-11,Residential House (1),Construction (residential building),Residential Construction,,,,G,G,64,241,162472,N,-,-,N/A,0.0539419087136929,0.00441306809788764,True,True,True,sector starts with Construction (case-insensitive),third-party release; redistribution and project-level use rights require audit
data/raw/networks/DSLIB3.4.zip,19f87632c589f5d49f72b5f071992efc6379df2beb35f1efd3a60ac1381dc277,DSLIB 3.4/DSLIB_Analysis_Sheet.xlsx,C2016-12,Residential House (2),Construction (residential building),Residential Construction,,,,G,G,69,291,222858,N,-,-,N/A,0,0.0153775049583143,True,True,True,sector starts with Construction (case-insensitive),third-party release; redistribution and project-level use rights require audit
data/raw/networks/DSLIB3.4.zip,19f87632c589f5d49f72b5f071992efc6379df2beb35f1efd3a60ac1381dc277,DSLIB 3.4/DSLIB_Analysis_Sheet.xlsx,C2016-13,Residential House (3),Construction (residential building),Residential Construction,,,,G,G,62,306,367952,N,-,-,N/A,0.0784313725490196,0.0308409792581641,True,True,True,sector starts with Construction (case-insensitive),third-party release; redistribution and project-level use rights require audit
data/raw/networks/DSLIB3.4.zip,19f87632c589f5d49f72b5f071992efc6379df2beb35f1efd3a60ac1381dc277,DSLIB 3.4/DSLIB_Analysis_Sheet.xlsx,C2016-14,Residential House (4),Construction (residential building),Residential Construction,,,,G,G,58,321,218366,N,-,-,N/A,-0.0031,0.016742533178242,True,True,True,sector starts with Construction (case-insensitive),third-party release; redistribution and project-level use rights require audit
data/raw/networks/DSLIB3.4.zip,19f87632c589f5d49f72b5f071992efc6379df2beb35f1efd3a60ac1381dc277,DSLIB 3.4/DSLIB_Analysis_Sheet.xlsx,C2016-15,Residential House Structural Work,Construction (residential building),Residential Construction; Carcass,,,,G,G,13,126,95694,N,-,-,N/A,0.0317460317460317,0.0529709281668652,True,True,True,sector starts with Construction (case-insensitive),third-party release; redistribution and project-level use rights require audit
data/raw/networks/DSLIB3.4.zip,19f87632c589f5d49f72b5f071992efc6379df2beb35f1efd3a60ac1381dc277,DSLIB 3.4/DSLIB_Analysis_Sheet.xlsx,C2016-16,Residential House Finishing Works (1),Construction (residential building),Housing Estate,,,,G,G,24,90,54578,N,-,-,N/A,0,0.182289567224889,True,True,True,sector starts with Construction (case-insensitive),third-party release; redistribution and project-level use rights require audit
data/raw/networks/DSLIB3.4.zip,19f87632c589f5d49f72b5f071992efc6379df2beb35f1efd3a60ac1381dc277,DSLIB 3.4/DSLIB_Analysis_Sheet.xlsx,C2016-17,Residential House Finishing Works (2),Construction (residential building),Housing Estate,,,,G,G,29,86,54703,N,-,-,N/A,0,0.180556825037018,True,True,True,sector starts with Construction (case-insensitive),third-party release; redistribution and project-level use rights require audit
data/raw/networks/DSLIB3.4.zip,19f87632c589f5d49f72b5f071992efc6379df2beb35f1efd3a60ac1381dc277,DSLIB 3.4/DSLIB_Analysis_Sheet.xlsx,C2016-18,Residential House Finishing Works (3),Construction (residential building),Housing Estate,,,,G,G,30,91,51116,N,-,-,N/A,0,0.190038344158385,True,True,True,sector starts with Construction (case-insensitive),third-party release; redistribution and project-level use rights require audit
data/raw/networks/DSLIB3.4.zip,19f87632c589f5d49f72b5f071992efc6379df2beb35f1efd3a60ac1381dc277,DSLIB 3.4/DSLIB_Analysis_Sheet.xlsx,C2016-19,Residential House Finishing Works (4),Construction (residential building),Housing Estate,,,,G,G,30,91,51303,N,-,-,N/A,0,0.039919692805489,True,True,True,sector starts with Construction (case-insensitive),third-party release; redistribution and project-level use rights require audit
data/raw/networks/DSLIB3.4.zip,19f87632c589f5d49f72b5f071992efc6379df2beb35f1efd3a60ac1381dc277,DSLIB 3.4/DSLIB_Analysis_Sheet.xlsx,C2016-20,Residential House Finishing Works (5),Construction (residential building),Housing Estate,,,,G,G,30,91,52021,N,-,-,N/A,0,0.0338709367370869,True,True,True,sector starts with Construction (case-insensitive),third-party release; redistribution and project-level use rights require audit
data/raw/networks/DSLIB3.4.zip,19f87632c589f5d49f72b5f071992efc6379df2beb35f1efd3a60ac1381dc277,DSLIB 3.4/DSLIB_Analysis_Sheet.xlsx,C2016-21,Residential House Finishing Works (6),Construction (residential building),Housing Estate,,,,G,G,29,101,54324,N,-,-,N/A,0,0.0123702231058096,True,True,True,sector starts with Construction (case-insensitive),third-party release; redistribution and project-level use rights require audit
data/raw/networks/DSLIB3.4.zip,19f87632c589f5d49f72b5f071992efc6379df2beb35f1efd3a60ac1381dc277,DSLIB 3.4/DSLIB_Analysis_Sheet.xlsx,C2016-22,Residential House Finishing Works (7),Construction (residential building),Housing Estate,,,,G,G,29,101,56969,N,-,-,N/A,0,0.0149730555214239,True,True,True,sector starts with Construction (case-insensitive),third-party release; redistribution and project-level use rights require audit
data/raw/networks/DSLIB3.4.zip,19f87632c589f5d49f72b5f071992efc6379df2beb35f1efd3a60ac1381dc277,DSLIB 3.4/DSLIB_Analysis_Sheet.xlsx,C2016-23,Residential House Finishing Works (8),Construction (residential building),Housing Estate,,,,G,G,29,101,56183,N,-,-,N/A,0,0.00824092697079188,True,True,True,sector starts with Construction (case-insensitive),third-party release; redistribution and project-level use rights require audit
data/raw/networks/DSLIB3.4.zip,19f87632c589f5d49f72b5f071992efc6379df2beb35f1efd3a60ac1381dc277,DSLIB 3.4/DSLIB_Analysis_Sheet.xlsx,C2016-24,Residential House Finishing Works (9),Construction (residential building),Housing Estate,,,,G,G,29,101,52263,N,-,-,N/A,0,0.0174884717677898,True,True,True,sector starts with Construction (case-insensitive),third-party release; redistribution and project-level use rights require audit
data/raw/networks/DSLIB3.4.zip,19f87632c589f5d49f72b5f071992efc6379df2beb35f1efd3a60ac1381dc277,DSLIB 3.4/DSLIB_Analysis_Sheet.xlsx,C2016-25,Residential House Finishing Works (10),Construction (residential building),Housing Estate,,,,G,G,29,91,54580,N,-,-,N/A,0,0.0397215097105167,True,True,True,sector starts with Construction (case-insensitive),third-party release; redistribution and project-level use rights require audit
data/raw/networks/DSLIB3.4.zip,19f87632c589f5d49f72b5f071992efc6379df2beb35f1efd3a60ac1381dc277,DSLIB 3.4/DSLIB_Analysis_Sheet.xlsx,C2016-26,Residential House Finishing Works (11),Construction (residential building),Housing Estate,,,,G,G,29,91,51286,N,-,-,N/A,0,0.0396404476855282,True,True,True,sector starts with Construction (case-insensitive),third-party release; redistribution and project-level use rights require audit
data/raw/networks/DSLIB3.4.zip,19f87632c589f5d49f72b5f071992efc6379df2beb35f1efd3a60ac1381dc277,DSLIB 3.4/DSLIB_Analysis_Sheet.xlsx,C2016-27,Apartment Building Foundations,Construction (residential building),Care Center,,,,G,G,21,78,813663,N,-,-,N/A,0.128205128205128,0.0811613653318389,True,True,True,sector starts with Construction (case-insensitive),third-party release; redistribution and project-level use rights require audit
data/raw/networks/DSLIB3.4.zip,19f87632c589f5d49f72b5f071992efc6379df2beb35f1efd3a60ac1381dc277,DSLIB 3.4/DSLIB_Analysis_Sheet.xlsx,C2016-28,Apartment Building Structural Work (1),Construction (residential building),Care Center,,,,G,G,20,71,569178,N,-,-,N/A,0.112676056338028,0.029707753989086,True,True,True,sector starts with Construction (case-insensitive),third-party release; redistribution and project-level use rights require audit
data/raw/networks/DSLIB3.4.zip,19f87632c589f5d49f72b5f071992efc6379df2beb35f1efd3a60ac1381dc277,DSLIB 3.4/DSLIB_Analysis_Sheet.xlsx,C2016-29,Apartment Building Structural Work (2),Construction (residential building),Care Center,,,,G,G,24,129,1797874,N,-,-,N/A,0.147286821705426,0.0347393643825986,True,True,True,sector starts with Construction (case-insensitive),third-party release; redistribution and project-level use rights require audit
data/raw/networks/DSLIB3.4.zip,19f87632c589f5d49f72b5f071992efc6379df2beb35f1efd3a60ac1381dc277,DSLIB 3.4/DSLIB_Analysis_Sheet.xlsx,C2016-30,Apartment Building Structural Work (3),Construction (residential building),Care Center,,,,G,G,23,85,1319736,N,-,-,N/A,0.129411764705882,0.0254785805645978,True,True,True,sector starts with Construction (case-insensitive),third-party release; redistribution and project-level use rights require audit
data/raw/networks/DSLIB3.4.zip,19f87632c589f5d49f72b5f071992efc6379df2beb35f1efd3a60ac1381dc277,DSLIB 3.4/DSLIB_Analysis_Sheet.xlsx,C2016-31,Apartment Building Finishing Works (1),Construction (residential building),Care Center,,,,G,G,23,105,488936,N,-,-,N/A,0.114285714285714,0.0195056203674919,True,True,True,sector starts with Construction (case-insensitive),third-party release; redistribution and project-level use rights require audit
data/raw/networks/DSLIB3.4.zip,19f87632c589f5d49f72b5f071992efc6379df2beb35f1efd3a60ac1381dc277,DSLIB 3.4/DSLIB_Analysis_Sheet.xlsx,C2016-32,Apartment Building Finishing Works (2),Construction (residential building),Care Center,,,,G,G,22,89,477381,N,-,-,N/A,0.0898876404494382,0.0410783001418154,True,True,True,sector starts with Construction (case-insensitive),third-party release; redistribution and project-level use rights require audit
data/raw/networks/DSLIB3.4.zip,19f87632c589f5d49f72b5f071992efc6379df2beb35f1efd3a60ac1381dc277,DSLIB 3.4/DSLIB_Analysis_Sheet.xlsx,C2016-33,Apartment Building Finishing Works (3),Construction (residential building),Care Center,,,,G,G,24,116,377282,N,-,-,N/A,0.112068965517241,0.0465089773697128,True,True,True,sector starts with Construction (case-insensitive),third-party release; redistribution and project-level use rights require audit
data/raw/networks/DSLIB3.4.zip,19f87632c589f5d49f72b5f071992efc6379df2beb35f1efd3a60ac1381dc277,DSLIB 3.4/DSLIB_Analysis_Sheet.xlsx,C2016-34,Apartment Building Finishing Works (4),Construction (residential building),Care Center,,,,G,G,23,83,362476,N,-,-,N/A,0.108433734939759,0.0590245974905925,True,True,True,sector starts with Construction (case-insensitive),third-party release; redistribution and project-level use rights require audit
data/raw/networks/DSLIB3.4.zip,19f87632c589f5d49f72b5f071992efc6379df2beb35f1efd3a60ac1381dc277,DSLIB 3.4/DSLIB_Analysis_Sheet.xlsx,C2016-35,Sweetpack,Construction (Industrial),-,,,O,,O,15,137,-,N,-,-,N/A,-,-,True,True,True,sector starts with Construction (case-insensitive),third-party release; redistribution and project-level use rights require audit
data/raw/networks/DSLIB3.4.zip,19f87632c589f5d49f72b5f071992efc6379df2beb35f1efd3a60ac1381dc277,DSLIB 3.4/DSLIB_Analysis_Sheet.xlsx,C2016-36,Residential reconstruction,Construction (residential building),-,,,O,,O,18,103,-,N,-,-,N/A,-,-,True,True,True,sector starts with Construction (case-insensitive),third-party release; redistribution and project-level use rights require audit
data/raw/networks/DSLIB3.4.zip,19f87632c589f5d49f72b5f071992efc6379df2beb35f1efd3a60ac1381dc277,DSLIB 3.4/DSLIB_Analysis_Sheet.xlsx,C2016-38,Passive house construction,Construction (residential building),-,,,O,,O,30,115,201405.59,Y,9,-,Resource Feasible,-,-,True,True,True,sector starts with Construction (case-insensitive),third-party release; redistribution and project-level use rights require audit
data/raw/networks/DSLIB3.4.zip,19f87632c589f5d49f72b5f071992efc6379df2beb35f1efd3a60ac1381dc277,DSLIB 3.4/DSLIB_Analysis_Sheet.xlsx,C2016-39,Investment building,Construction (residential building),-,,,O,,O,30,181,91100,N,-,-,N/A,-,-,True,True,True,sector starts with Construction (case-insensitive),third-party release; redistribution and project-level use rights require audit
data/raw/networks/DSLIB3.4.zip,19f87632c589f5d49f72b5f071992efc6379df2beb35f1efd3a60ac1381dc277,DSLIB 3.4/DSLIB_Analysis_Sheet.xlsx,C2016-40,Artes Project (1),Construction (commercial building),-,,,O,,O,100,334,-,Y,-,-,Resource Feasible,-,-,True,True,True,sector starts with Construction (case-insensitive),third-party release; redistribution and project-level use rights require audit
data/raw/networks/DSLIB3.4.zip,19f87632c589f5d49f72b5f071992efc6379df2beb35f1efd3a60ac1381dc277,DSLIB 3.4/DSLIB_Analysis_Sheet.xlsx,C2016-41,Artes Project (2),Construction (commercial building),-,,,O,,O,50,51,-,N,-,-,N/A,-,-,True,True,True,sector starts with Construction (case-insensitive),third-party release; redistribution and project-level use rights require audit
data/raw/networks/DSLIB3.4.zip,19f87632c589f5d49f72b5f071992efc6379df2beb35f1efd3a60ac1381dc277,DSLIB 3.4/DSLIB_Analysis_Sheet.xlsx,C2017-01,Apartment Construction,Construction (commercial building),-,,,O,,O,52,383,758881192,N,-,-,N/A,-,-,True,True,True,sector starts with Construction (case-insensitive),third-party release; redistribution and project-level use rights require audit
data/raw/networks/DSLIB3.4.zip,19f87632c589f5d49f72b5f071992efc6379df2beb35f1efd3a60ac1381dc277,DSLIB 3.4/DSLIB_Analysis_Sheet.xlsx,C2017-03,Hydrogen Island,Construction (Civil),-,,,O,,O,87,2804,-,N,-,-,N/A,-,-,True,True,True,sector starts with Construction (case-insensitive),third-party release; redistribution and project-level use rights require audit
data/raw/networks/DSLIB3.4.zip,19f87632c589f5d49f72b5f071992efc6379df2beb35f1efd3a60ac1381dc277,DSLIB 3.4/DSLIB_Analysis_Sheet.xlsx,C2018-03,Castelein,Construction (Industrial),-,,,,,O,20,177,1480224.75,Y,8,-,Resource Feasible,-,-,True,True,True,sector starts with Construction (case-insensitive),third-party release; redistribution and project-level use rights require audit
data/raw/networks/DSLIB3.4.zip,19f87632c589f5d49f72b5f071992efc6379df2beb35f1efd3a60ac1381dc277,DSLIB 3.4/DSLIB_Analysis_Sheet.xlsx,C2018-06,Camera network,Construction (civil),-,,,,,O,17,23,37980,Y,2,-,Resource Feasible,-,-,True,True,True,sector starts with Construction (case-insensitive),third-party release; redistribution and project-level use rights require audit
data/raw/networks/DSLIB3.4.zip,19f87632c589f5d49f72b5f071992efc6379df2beb35f1efd3a60ac1381dc277,DSLIB 3.4/DSLIB_Analysis_Sheet.xlsx,C2018-10,Fontein,Construction (Civil),-,,,,,,43,100,115115.23,Y,1,-,Resource Feasible,0.2,0,True,True,True,sector starts with Construction (case-insensitive),third-party release; redistribution and project-level use rights require audit
data/raw/networks/DSLIB3.4.zip,19f87632c589f5d49f72b5f071992efc6379df2beb35f1efd3a60ac1381dc277,DSLIB 3.4/DSLIB_Analysis_Sheet.xlsx,C2018-11,Warehouse renovation,Construction (Industrial),-,,,,,O,36,9,-,N,-,-,N/A,-,-,True,True,True,sector starts with Construction (case-insensitive),third-party release; redistribution and project-level use rights require audit
data/raw/networks/DSLIB3.4.zip,19f87632c589f5d49f72b5f071992efc6379df2beb35f1efd3a60ac1381dc277,DSLIB 3.4/DSLIB_Analysis_Sheet.xlsx,C2019-01,Lepelstraat,Construction (residential building),,,,,,,86,533,1292979,N,-,-,N/A,0.26266416510319,0.0177,True,True,True,sector starts with Construction (case-insensitive),third-party release; redistribution and project-level use rights require audit
data/raw/networks/DSLIB3.4.zip,19f87632c589f5d49f72b5f071992efc6379df2beb35f1efd3a60ac1381dc277,DSLIB 3.4/DSLIB_Analysis_Sheet.xlsx,C2019-02,Social Housing,Construction (residential building),,,,,,,19,352,734602.11,N,-,-,N/A,0.002,0.018,True,True,True,sector starts with Construction (case-insensitive),third-party release; redistribution and project-level use rights require audit
data/raw/networks/DSLIB3.4.zip,19f87632c589f5d49f72b5f071992efc6379df2beb35f1efd3a60ac1381dc277,DSLIB 3.4/DSLIB_Analysis_Sheet.xlsx,C2019-03,Emergency Department,Construction (civil),,,,,,,18,413,967878,N,-,-,N/A,0.261501210653753,0.313,True,True,True,sector starts with Construction (case-insensitive),third-party release; redistribution and project-level use rights require audit
data/raw/networks/DSLIB3.4.zip,19f87632c589f5d49f72b5f071992efc6379df2beb35f1efd3a60ac1381dc277,DSLIB 3.4/DSLIB_Analysis_Sheet.xlsx,C2019-04,Nuclear Healthcare,Construction (civil),,,,,,,38,373,4318950,N,-,-,N/A,0.394101876675603,-0.0200040727491635,True,True,True,sector starts with Construction (case-insensitive),third-party release; redistribution and project-level use rights require audit
data/raw/networks/DSLIB3.4.zip,19f87632c589f5d49f72b5f071992efc6379df2beb35f1efd3a60ac1381dc277,DSLIB 3.4/DSLIB_Analysis_Sheet.xlsx,C2019-09,Recreation building,Construction (commercial building),-,,,,,JA,45,215,262500,N,-,-,N/A,-,-,True,True,True,sector starts with Construction (case-insensitive),third-party release; redistribution and project-level use rights require audit
data/raw/networks/DSLIB3.4.zip,19f87632c589f5d49f72b5f071992efc6379df2beb35f1efd3a60ac1381dc277,DSLIB 3.4/DSLIB_Analysis_Sheet.xlsx,C2019-10,Family Residence (3),Construction (residential building),-,,,,,N/A,49,115,209621.52,N,-,-,N/A,-,-,True,True,True,sector starts with Construction (case-insensitive),third-party release; redistribution and project-level use rights require audit
data/raw/networks/DSLIB3.4.zip,19f87632c589f5d49f72b5f071992efc6379df2beb35f1efd3a60ac1381dc277,DSLIB 3.4/DSLIB_Analysis_Sheet.xlsx,C2019-12,Residential apartment building,Construction (residential building),-,,,,,N/A,52,289,-,Y,1,-,Resource Feasible,-,-,True,True,True,sector starts with Construction (case-insensitive),third-party release; redistribution and project-level use rights require audit
data/raw/networks/DSLIB3.4.zip,19f87632c589f5d49f72b5f071992efc6379df2beb35f1efd3a60ac1381dc277,DSLIB 3.4/DSLIB_Analysis_Sheet.xlsx,C2019-16,Lock Ganzepoot,Construction (civil),-,,,,,N/A,32,33,170000,Y,1,-,Resource Feasible,-,-,True,True,True,sector starts with Construction (case-insensitive),third-party release; redistribution and project-level use rights require audit
data/raw/networks/DSLIB3.4.zip,19f87632c589f5d49f72b5f071992efc6379df2beb35f1efd3a60ac1381dc277,DSLIB 3.4/DSLIB_Analysis_Sheet.xlsx,C2019-18,Greenhouse,Construction (Industrial),-,,,,,N/A,23,163,2978315.3,Y,6,-,Resource Feasible,-,-,True,True,True,sector starts with Construction (case-insensitive),third-party release; redistribution and project-level use rights require audit
data/raw/networks/DSLIB3.4.zip,19f87632c589f5d49f72b5f071992efc6379df2beb35f1efd3a60ac1381dc277,DSLIB 3.4/DSLIB_Analysis_Sheet.xlsx,C2019-19,Traditional house,Construction (residential building),-,,,,,N/A,25,130,240840,Y,6,-,Resource Feasible,-,-,True,True,True,sector starts with Construction (case-insensitive),third-party release; redistribution and project-level use rights require audit
data/raw/networks/DSLIB3.4.zip,19f87632c589f5d49f72b5f071992efc6379df2beb35f1efd3a60ac1381dc277,DSLIB 3.4/DSLIB_Analysis_Sheet.xlsx,C2019-20,Paradice,Construction (commercial building),-,,,,,N/A,39,362,142020,N,-,-,N/A,-,-,True,True,True,sector starts with Construction (case-insensitive),third-party release; redistribution and project-level use rights require audit
data/raw/networks/DSLIB3.4.zip,19f87632c589f5d49f72b5f071992efc6379df2beb35f1efd3a60ac1381dc277,DSLIB 3.4/DSLIB_Analysis_Sheet.xlsx,C2019-22,BAM deelproject 1,Construction (Civil),-,,,,"ANTAL.ALS('[Analysis sheet (opgekuist 30_03).xlsx]baseline'!$N$141:$N$189;""<=""&AK5)",N/A,1419,1203,-,N,-,-,N/A,-,-,True,True,True,sector starts with Construction (case-insensitive),third-party release; redistribution and project-level use rights require audit
data/raw/networks/DSLIB3.4.zip,19f87632c589f5d49f72b5f071992efc6379df2beb35f1efd3a60ac1381dc277,DSLIB 3.4/DSLIB_Analysis_Sheet.xlsx,C2019-23,BAM deelproject 2,Construction (Civil),-,,,,,N/A,646,1188,-,N,-,-,N/A,-,-,True,True,True,sector starts with Construction (case-insensitive),third-party release; redistribution and project-level use rights require audit
data/raw/networks/DSLIB3.4.zip,19f87632c589f5d49f72b5f071992efc6379df2beb35f1efd3a60ac1381dc277,DSLIB 3.4/DSLIB_Analysis_Sheet.xlsx,C2019-24,BAM deelproject 3a,Construction (Civil),-,,,,,N/A,1373,1041,-,N,-,-,N/A,-,-,True,True,True,sector starts with Construction (case-insensitive),third-party release; redistribution and project-level use rights require audit
data/raw/networks/DSLIB3.4.zip,19f87632c589f5d49f72b5f071992efc6379df2beb35f1efd3a60ac1381dc277,DSLIB 3.4/DSLIB_Analysis_Sheet.xlsx,C2019-25,BAM deelproject 3b,Construction (Civil),-,,,,,N/A,1796,1306,-,N,-,-,N/A,-,-,True,True,True,sector starts with Construction (case-insensitive),third-party release; redistribution and project-level use rights require audit
data/raw/networks/DSLIB3.4.zip,19f87632c589f5d49f72b5f071992efc6379df2beb35f1efd3a60ac1381dc277,DSLIB 3.4/DSLIB_Analysis_Sheet.xlsx,C2019-26,BAM deelproject 4,Construction (Civil),-,,,,,N/A,676,897,-,N,-,-,N/A,-,-,True,True,True,sector starts with Construction (case-insensitive),third-party release; redistribution and project-level use rights require audit
data/raw/networks/DSLIB3.4.zip,19f87632c589f5d49f72b5f071992efc6379df2beb35f1efd3a60ac1381dc277,DSLIB 3.4/DSLIB_Analysis_Sheet.xlsx,C2019-27,BAM deelproject 6,Construction (Civil),-,,,,,N/A,899,834,-,N,-,-,N/A,-,-,True,True,True,sector starts with Construction (case-insensitive),third-party release; redistribution and project-level use rights require audit
data/raw/networks/DSLIB3.4.zip,19f87632c589f5d49f72b5f071992efc6379df2beb35f1efd3a60ac1381dc277,DSLIB 3.4/DSLIB_Analysis_Sheet.xlsx,C2019-28,BAM deelproject 7,Construction (Civil),-,,,,,N/A,132,863,-,N,-,-,N/A,-,-,True,True,True,sector starts with Construction (case-insensitive),third-party release; redistribution and project-level use rights require audit
data/raw/networks/DSLIB3.4.zip,19f87632c589f5d49f72b5f071992efc6379df2beb35f1efd3a60ac1381dc277,DSLIB 3.4/DSLIB_Analysis_Sheet.xlsx,C2023-01,House renovation,Construction (residential building),Renovation of a house,G,,G,G,G,29,271,756647,Y,1,-,Resource Conflict,-0.25,0,True,True,True,sector starts with Construction (case-insensitive),third-party release; redistribution and project-level use rights require audit
data/raw/networks/DSLIB3.4.zip,19f87632c589f5d49f72b5f071992efc6379df2beb35f1efd3a60ac1381dc277,DSLIB 3.4/DSLIB_Analysis_Sheet.xlsx,C2023-04,Six-story apartment building,Construction (residential building),Six-story apartment building,G,,G,G,G,30,235,1619500,Y,2,-,Resource Feasible,0.27,0,True,True,True,sector starts with Construction (case-insensitive),third-party release; redistribution and project-level use rights require audit
data/raw/networks/DSLIB3.4.zip,19f87632c589f5d49f72b5f071992efc6379df2beb35f1efd3a60ac1381dc277,DSLIB 3.4/DSLIB_Analysis_Sheet.xlsx,C2023-07,Building Nevele,Construction (residential building),Building,,,,G,G,42,481,€743 676,N,-,-,N/A,0.2681,0,True,True,True,sector starts with Construction (case-insensitive),third-party release; redistribution and project-level use rights require audit
data/raw/networks/DSLIB3.4.zip,19f87632c589f5d49f72b5f071992efc6379df2beb35f1efd3a60ac1381dc277,DSLIB 3.4/DSLIB_Analysis_Sheet.xlsx,C2023-08,Family Home,Construction (residential building),Building; family home,,,,G,G,49,382,€438 622,N,-,-,N/A,-,-,True,True,True,sector starts with Construction (case-insensitive),third-party release; redistribution and project-level use rights require audit
data/raw/networks/DSLIB3.4.zip,19f87632c589f5d49f72b5f071992efc6379df2beb35f1efd3a60ac1381dc277,DSLIB 3.4/DSLIB_Analysis_Sheet.xlsx,C2023-09,Wine Storage Expansion,Construction (industrial),Building; wine storage,,,,G,G,28,80,"€ 458 688,44",N,-,-,N/A,0.5,0.012,True,True,True,sector starts with Construction (case-insensitive),third-party release; redistribution and project-level use rights require audit
data/raw/networks/DSLIB3.4.zip,19f87632c589f5d49f72b5f071992efc6379df2beb35f1efd3a60ac1381dc277,DSLIB 3.4/DSLIB_Analysis_Sheet.xlsx,C2023-10,UK Roap map,Construction (Civil),Roap map,,,,G,,19,234,-,N,-,-,N/A,-,-,True,True,True,sector starts with Construction (case-insensitive),third-party release; redistribution and project-level use rights require audit
data/raw/networks/DSLIB3.4.zip,19f87632c589f5d49f72b5f071992efc6379df2beb35f1efd3a60ac1381dc277,DSLIB 3.4/DSLIB_Analysis_Sheet.xlsx,C2023-11,Rail-net communication point 1,Construction (Civil),Rail-net; Train; Communication;,,,,,,279,401,8974809.3,N,-,-,N/A,0.8021,0.1066,True,True,True,sector starts with Construction (case-insensitive),third-party release; redistribution and project-level use rights require audit
data/raw/networks/DSLIB3.4.zip,19f87632c589f5d49f72b5f071992efc6379df2beb35f1efd3a60ac1381dc277,DSLIB 3.4/DSLIB_Analysis_Sheet.xlsx,C2023-12,Railroad construction,Construction (Civil),Railroad; Train; hardware; software;,,,,,,73,383,7612805.15,N,-,-,N/A,0.0522,-0.3706,True,True,True,sector starts with Construction (case-insensitive),third-party release; redistribution and project-level use rights require audit
data/raw/networks/DSLIB3.4.zip,19f87632c589f5d49f72b5f071992efc6379df2beb35f1efd3a60ac1381dc277,DSLIB 3.4/DSLIB_Analysis_Sheet.xlsx,C2023-13,Rail-net communication point 2,Construction (Civil),Rail-net; Train; Communication;,,,,,,232,533,1481000,N,-,-,N/A,0.219,-0.461,True,True,True,sector starts with Construction (case-insensitive),third-party release; redistribution and project-level use rights require audit
data/raw/networks/DSLIB3.4.zip,19f87632c589f5d49f72b5f071992efc6379df2beb35f1efd3a60ac1381dc277,DSLIB 3.4/DSLIB_Analysis_Sheet.xlsx,C2023-14,Building a sustainable future,Construction (residential building),Home; Sustainable; ,,,,,,34,190,-,N,-,-,N/A,-,-,True,True,True,sector starts with Construction (case-insensitive),third-party release; redistribution and project-level use rights require audit
data/raw/networks/DSLIB3.4.zip,19f87632c589f5d49f72b5f071992efc6379df2beb35f1efd3a60ac1381dc277,DSLIB 3.4/DSLIB_Analysis_Sheet.xlsx,C2024-01,Signalisation work Peru,Construction (Civil),"Signalisation, road, safety",,,,,,66,84,"201.312,14 €",6,N/A,N/A,Resource Conflict,-0.57,-0.13,True,True,True,sector starts with Construction (case-insensitive),third-party release; redistribution and project-level use rights require audit
data/raw/networks/DSLIB3.4.zip,19f87632c589f5d49f72b5f071992efc6379df2beb35f1efd3a60ac1381dc277,DSLIB 3.4/DSLIB_Analysis_Sheet.xlsx,C2024-02,Gas Pipeline,Construction (Industrial),Infrastructure,,,,G,N/A,13,58,37536,N/A,N/A,N/A,Resource Conflict,-,-,True,True,True,sector starts with Construction (case-insensitive),third-party release; redistribution and project-level use rights require audit
data/raw/networks/DSLIB3.4.zip,19f87632c589f5d49f72b5f071992efc6379df2beb35f1efd3a60ac1381dc277,DSLIB 3.4/DSLIB_Analysis_Sheet.xlsx,C2024-05,Product marketing,Construction (Industrial),-,,,,G,,111,272,228090,N/A,N/A,N/A,Resource Feasible,-,-,True,True,True,sector starts with Construction (case-insensitive),third-party release; redistribution and project-level use rights require audit
data/raw/networks/DSLIB3.4.zip,19f87632c589f5d49f72b5f071992efc6379df2beb35f1efd3a60ac1381dc277,DSLIB 3.4/DSLIB_Analysis_Sheet.xlsx,C2025-01,Water Intake and Canal Rehabilitation,Construction (Civil),Irrigation canal; Water intake structure ,,,,,,45,57,278057.33,Y,5,0,Resource Conflict,0.08,0,True,True,True,sector starts with Construction (case-insensitive),third-party release; redistribution and project-level use rights require audit
data/raw/networks/DSLIB3.4.zip,19f87632c589f5d49f72b5f071992efc6379df2beb35f1efd3a60ac1381dc277,DSLIB 3.4/DSLIB_Analysis_Sheet.xlsx,C2025-02,Urban road,Construction (Civil),Rode pavement; Sidewalks,,,,,,100,52,197472.31,Y,6,0,Resource Feasible,0.36,0,True,True,True,sector starts with Construction (case-insensitive),third-party release; redistribution and project-level use rights require audit
data/raw/networks/DSLIB3.4.zip,19f87632c589f5d49f72b5f071992efc6379df2beb35f1efd3a60ac1381dc277,DSLIB 3.4/DSLIB_Analysis_Sheet.xlsx,C2025-03,School Clasroom Construction,Construction (institutional building),New clasroom facilities,,,,,,148,128,185716.16,Y,7,0,Resource Feasible,0.023,0.011,True,True,True,sector starts with Construction (case-insensitive),third-party release; redistribution and project-level use rights require audit
data/raw/networks/DSLIB3.4.zip,19f87632c589f5d49f72b5f071992efc6379df2beb35f1efd3a60ac1381dc277,DSLIB 3.4/DSLIB_Analysis_Sheet.xlsx,C2025-04,Sidewalk Reconstruction,Construction (Civil),Reconstruction; Urban roads; Final phase,,,,,,149,125,1663948.63,Y,7,0,Resource Conflict,0.12,0,True,True,True,sector starts with Construction (case-insensitive),third-party release; redistribution and project-level use rights require audit
data/raw/networks/DSLIB3.4.zip,19f87632c589f5d49f72b5f071992efc6379df2beb35f1efd3a60ac1381dc277,DSLIB 3.4/DSLIB_Analysis_Sheet.xlsx,C2025-05,Education Service,Construction (institutional building),Infrastructure; Sport spaces,,,,,,58,85,419707.07,Y,7,0,Resource Feasible,0,0,True,True,True,sector starts with Construction (case-insensitive),third-party release; redistribution and project-level use rights require audit
data/raw/networks/DSLIB3.4.zip,19f87632c589f5d49f72b5f071992efc6379df2beb35f1efd3a60ac1381dc277,DSLIB 3.4/DSLIB_Analysis_Sheet.xlsx,C2025-06,Primary School,Construction (institutional building),Classroom construction,,,,,,52,60,132374.38,Y,7,0,Resource Conflict,0.43,0,True,True,True,sector starts with Construction (case-insensitive),third-party release; redistribution and project-level use rights require audit
data/raw/networks/DSLIB3.4.zip,19f87632c589f5d49f72b5f071992efc6379df2beb35f1efd3a60ac1381dc277,DSLIB 3.4/DSLIB_Analysis_Sheet.xlsx,C2025-07,School Sports Facility Development,Construction (institutional building),Installation; Turf,,,,,,19,45,68188.69,Y,7,0,Resource Feasible,0.04,0,True,True,True,sector starts with Construction (case-insensitive),third-party release; redistribution and project-level use rights require audit
data/raw/networks/DSLIB3.4.zip,19f87632c589f5d49f72b5f071992efc6379df2beb35f1efd3a60ac1381dc277,DSLIB 3.4/DSLIB_Analysis_Sheet.xlsx,C2025-08,Convertible Roofing,Construction (Civil),Roof construction; Infrastructure,,,,,,75,60,349558.26,Y,6,0,Resource Feasible,0.08,0,True,True,False,sector starts with Construction (case-insensitive),third-party release; redistribution and project-level use rights require audit
data/raw/networks/DSLIB3.4.zip,19f87632c589f5d49f72b5f071992efc6379df2beb35f1efd3a60ac1381dc277,DSLIB 3.4/DSLIB_Analysis_Sheet.xlsx,C2025-09,Primary Classroom,Construction (institutional building),Classroom renovation,,,,,,108,60,123156.7,Y,8,0,Resource Conflict,0.1,0,True,True,False,sector starts with Construction (case-insensitive),third-party release; redistribution and project-level use rights require audit
data/raw/networks/DSLIB3.4.zip,19f87632c589f5d49f72b5f071992efc6379df2beb35f1efd3a60ac1381dc277,DSLIB 3.4/DSLIB_Analysis_Sheet.xlsx,C2025-10,Temporary Facilities,Construction (institutional building),Infrastructure; Provisional works,,,,,,114,131,381678.38,Y,7,0,Resource Conflict,-0.47,0,True,True,True,sector starts with Construction (case-insensitive),third-party release; redistribution and project-level use rights require audit
data/raw/networks/DSLIB3.4.zip,19f87632c589f5d49f72b5f071992efc6379df2beb35f1efd3a60ac1381dc277,DSLIB 3.4/DSLIB_Analysis_Sheet.xlsx,C2025-11,Power Network,Construction (Industrial),Electricity networks; Installation,,,,,,33,119,22226.08,Y,6,0,Resource Conflict,0,0.15,True,True,True,sector starts with Construction (case-insensitive),third-party release; redistribution and project-level use rights require audit
data/raw/networks/DSLIB3.4.zip,19f87632c589f5d49f72b5f071992efc6379df2beb35f1efd3a60ac1381dc277,DSLIB 3.4/DSLIB_Analysis_Sheet.xlsx,C2025-12,Public Plaza,Construction (Civil),Repairment; Exterior ,,,,,,123,60,163383.27,Y,9,0,Resource Feasible,0.01,0.05,True,True,True,sector starts with Construction (case-insensitive),third-party release; redistribution and project-level use rights require audit
data/raw/networks/DSLIB3.4.zip,19f87632c589f5d49f72b5f071992efc6379df2beb35f1efd3a60ac1381dc277,DSLIB 3.4/DSLIB_Analysis_Sheet.xlsx,C2025-13,University Library Construction,Construction (institutional building),Site preparation; Infrastructure,,,,,,151,60,108084.67,Y,9,0,Resource Conflict,0.06,0,True,True,True,sector starts with Construction (case-insensitive),third-party release; redistribution and project-level use rights require audit
data/raw/networks/DSLIB3.4.zip,19f87632c589f5d49f72b5f071992efc6379df2beb35f1efd3a60ac1381dc277,DSLIB 3.4/DSLIB_Analysis_Sheet.xlsx,C2025-14,Drainge System,Construction (Civil),Drainage; Sewer system; Infrastructure,,,,,,82,354,32341.63,Y,6,0,Resource Feasible,0.096,0,True,True,True,sector starts with Construction (case-insensitive),third-party release; redistribution and project-level use rights require audit
data/raw/networks/DSLIB3.4.zip,19f87632c589f5d49f72b5f071992efc6379df2beb35f1efd3a60ac1381dc277,DSLIB 3.4/DSLIB_Analysis_Sheet.xlsx,C2025-15,Irrigation Canal Repair,Construction (Civil),Reinforcement; Quality control; Infrastructure,,,,,,50,353,268769.55,Y,8,0,Resource Feasible,0.03,0,True,True,True,sector starts with Construction (case-insensitive),third-party release; redistribution and project-level use rights require audit
data/raw/networks/DSLIB3.4.zip,19f87632c589f5d49f72b5f071992efc6379df2beb35f1efd3a60ac1381dc277,DSLIB 3.4/DSLIB_Analysis_Sheet.xlsx,C2025-16,Actividades Generales,Construction (Civil),Repairment; Construction; Bridges,,,,,,49,56,247278.93,Y,6,0,Resource Conflict,0.01,0,True,True,True,sector starts with Construction (case-insensitive),third-party release; redistribution and project-level use rights require audit
data/raw/networks/DSLIB3.4.zip,19f87632c589f5d49f72b5f071992efc6379df2beb35f1efd3a60ac1381dc277,DSLIB 3.4/DSLIB_Analysis_Sheet.xlsx,C2025-17,Temporary Works,Construction (Civil),Infrastructure; Sanitary systems,,,,,,170,90,338686.53,Y,8,0,Resource Conflict,0.0666,0,True,True,True,sector starts with Construction (case-insensitive),third-party release; redistribution and project-level use rights require audit
data/raw/networks/DSLIB3.4.zip,19f87632c589f5d49f72b5f071992efc6379df2beb35f1efd3a60ac1381dc277,DSLIB 3.4/DSLIB_Analysis_Sheet.xlsx,C2025-18,Mejoramiento De Los,Construction (Civil),Sanitation; Electrical installations,,,,,,266,104,196718.125,Y,9,0,Resource Feasible,-0.88,0.87,True,True,True,sector starts with Construction (case-insensitive),third-party release; redistribution and project-level use rights require audit
data/raw/networks/DSLIB3.4.zip,19f87632c589f5d49f72b5f071992efc6379df2beb35f1efd3a60ac1381dc277,DSLIB 3.4/DSLIB_Analysis_Sheet.xlsx,C2025-19,Road Drainage Construction with COVID-19 Safety Measures,Construction (Civil),Earthworks; Concrete; Drainage,,,,,,38,59,392053.5313,Y,7,0,Resource Feasible,0.02,0,True,True,True,sector starts with Construction (case-insensitive),third-party release; redistribution and project-level use rights require audit
data/raw/networks/DSLIB3.4.zip,19f87632c589f5d49f72b5f071992efc6379df2beb35f1efd3a60ac1381dc277,DSLIB 3.4/DSLIB_Analysis_Sheet.xlsx,C2025-20,Drainage Culverts Construction,Construction (Civil),Drainage; Piping; Infrastructure,,,,,,34,45,302383.41,Y,6,0,Resource Conflict,0.31,0,True,True,True,sector starts with Construction (case-insensitive),third-party release; redistribution and project-level use rights require audit
data/raw/networks/DSLIB3.4.zip,19f87632c589f5d49f72b5f071992efc6379df2beb35f1efd3a60ac1381dc277,DSLIB 3.4/DSLIB_Analysis_Sheet.xlsx,C2025-21,Sanitary Facilities,Construction (Civil),Fencing; Roofing; Facilities,,,,,,140,44,161654.99,Y,7,0,Resource Conflict,0.36,0,True,True,True,sector starts with Construction (case-insensitive),third-party release; redistribution and project-level use rights require audit
data/raw/networks/DSLIB3.4.zip,19f87632c589f5d49f72b5f071992efc6379df2beb35f1efd3a60ac1381dc277,DSLIB 3.4/DSLIB_Analysis_Sheet.xlsx,C2025-22,Sanitary Sewer Network Infrastructure,Construction (Civil),Sanitary system; Excavation; Piping,,,,,,45,27,73441.85,Y,7,0,Resource Conflict,0.41,0,True,True,True,sector starts with Construction (case-insensitive),third-party release; redistribution and project-level use rights require audit
data/raw/networks/DSLIB3.4.zip,19f87632c589f5d49f72b5f071992efc6379df2beb35f1efd3a60ac1381dc277,DSLIB 3.4/DSLIB_Analysis_Sheet.xlsx,C2025-23,Active Recreation Construction,Construction (Civil),Safety; Infrastructure,,,,,,55,60,124330.97,Y,9,0,Resource Feasible,-0.01,0,True,True,True,sector starts with Construction (case-insensitive),third-party release; redistribution and project-level use rights require audit
data/raw/networks/DSLIB3.4.zip,19f87632c589f5d49f72b5f071992efc6379df2beb35f1efd3a60ac1381dc277,DSLIB 3.4/DSLIB_Analysis_Sheet.xlsx,C2025-24,Construssion De Cerco,Construction (Civil),Lighting; Urban Equipment; Safety,,,,,,77,45,230728.4,Y,6,0,Resource Feasible,0.311,0,True,True,True,sector starts with Construction (case-insensitive),third-party release; redistribution and project-level use rights require audit
data/raw/networks/DSLIB3.4.zip,19f87632c589f5d49f72b5f071992efc6379df2beb35f1efd3a60ac1381dc277,DSLIB 3.4/DSLIB_Analysis_Sheet.xlsx,C2025-25,Construssion De Plazoleta,Construction (Civil),Urbanistics; Lighting; Drainage,,,,,,73,45,149252.5,Y,6,0,Resource Conflict,0.237,0,True,True,True,sector starts with Construction (case-insensitive),third-party release; redistribution and project-level use rights require audit
data/raw/networks/DSLIB3.4.zip,19f87632c589f5d49f72b5f071992efc6379df2beb35f1efd3a60ac1381dc277,DSLIB 3.4/DSLIB_Analysis_Sheet.xlsx,C2025-26,Mejoramiento Del Parque,Construction (Civil),Landscape; Drainage; Infrastructure,,,,,,85,120,1249157,Y,9,0,Resource Conflict,-0.9,0,True,True,True,sector starts with Construction (case-insensitive),third-party release; redistribution and project-level use rights require audit
data/raw/networks/DSLIB3.4.zip,19f87632c589f5d49f72b5f071992efc6379df2beb35f1efd3a60ac1381dc277,DSLIB 3.4/DSLIB_Analysis_Sheet.xlsx,C2025-27,Creacion Del Pavimentado,Construction (Civil),Pavement; Infrastructure,,,,,,127,90,6083558,Y,9,0,Resource Feasible,0.633,0.005,True,True,True,sector starts with Construction (case-insensitive),third-party release; redistribution and project-level use rights require audit
data/raw/networks/DSLIB3.4.zip,19f87632c589f5d49f72b5f071992efc6379df2beb35f1efd3a60ac1381dc277,DSLIB 3.4/DSLIB_Analysis_Sheet.xlsx,C2025-28,Cronograma De Obra,Construction (Civil),Membrane installation; Repairment,,,,,,58,60,156771.1,Y,8,0,Resource Feasible,0.533,0,True,True,True,sector starts with Construction (case-insensitive),third-party release; redistribution and project-level use rights require audit
